Mode,Mean_Latency_ms,Median_Latency_ms,95th_Percentile_ms,Std_Latency_ms,Mean_Energy_mJ,Std_Energy_mJ,Mean_SNR_dB,Std_SNR_dB,Mean_Datarate_Mbps,Success_Rate_%,Bandwidth_KB,Compression_%,IRS_Gain_dB,Mean_Distance_m
Raw (No IRS),119.55856846736438,119.43884656165957,161.7146785917516,25.297955118100436,11.110506202247807,2.124526328179482,23.009931428011885,4.886741469974712,153.10057544148265,100.0,1000.0,0.0,0.0,215.2718155844998
Semantic (No IRS),25.71889732399959,22.86478370814238,69.19821828108763,12.075202216015539,41.12426007046184,0.20786129581048096,22.668053821151645,4.625101767434582,150.83850199320403,100.0,100.0,90.0,0.0,223.5055429957015
Semantic + IRS,20.838633099784463,18.51483663620774,21.72262683011696,10.554482442314528,42.226551947003536,0.08888175709644767,34.39594287487657,4.465302753269865,228.5374213022043,100.0,100.0,90.0,12.0,213.90500645111703
